pH,TDS,turbidity,nitrate,arsenic,lead,fluoride,hardness,temperature,EC,coliform
1.2567574357593627,-1.0101525445522108,-0.7224219619614708,-1.0610545132336733,-1.1832159566199232,-1.171700198827415,-1.0910894511799623,-1.236245075538201,-1.0214658608739522,-1.1832159566199232,-1.171700198827415
-0.29002094671369966,0.0,0.034401045807688956,0.10976425998969035,0.16903085094570347,0.39056673294247146,0.21821789023599264,0.137360563948689,-0.133234677505297,0.16903085094570333,0.39056673294247163
-1.4501047335684947,1.616244071283537,1.6168491529613862,1.573287726518895,1.52127765851133,1.4320780207890624,1.5275252316519465,1.5109662034355793,1.6432276892320132,1.52127765851133,1.4320780207890627
0.4833682445228316,-0.6060915267313264,-0.9288282368076052,-0.621997473274912,-0.50709255283711,-0.6509445549041194,-0.6546536707079774,-0.4120816918460671,-0.4885271508527578,-0.50709255283711,-0.6509445549041194
